{
  "version": "3.0-pyvf-simple",
  "method": "POLE_RESIDUE",
  "pole_residue": {
    "poles_real": [],
    "poles_imag": [],
    "residues_real": [],
    "residues_imag": [],
    "constant": {
      "real": -0.002230702463769528,
      "imag": -0.0008750131937669075
    },
    "proportional": 0.0,
    "order": 0
  },
  "fs": 100000000000.0,
  "metrics": {
    "correlation": -4.2012191355277704e-16,
    "rmse_db": 30.91127976523339,
    "max_error_db": 51.83329763022893
  }
}