{
  "version": "3.0-refined",
  "pole_residue": {
    "poles_real": [
      -249280324.2589316,
      -141113792.20600253,
      -127610213.57546479,
      -116848581.98294993,
      -129754888.98694757,
      -141580658.11692145
    ],
    "poles_imag": [
      12517635652.54159,
      8562876281.968964,
      5401820521.770382,
      4042223339.697591,
      2079808181.3134928,
      758179419.0112171
    ],
    "residues_real": [
      63281333.302591234,
      -91204472.04323491,
      -108682588.93991134,
      -55620332.362301074,
      -79899220.45068684,
      -166554091.9807749
    ],
    "residues_imag": [
      -86913717.48192786,
      -9418221.791450417,
      -19473823.103635594,
      71125947.12079895,
      -125801442.10829864,
      17314954.954040248
    ],
    "constant": {
      "real": 0.07004140713515722,
      "imag": -0.05353671737046593
    },
    "order": 6
  },
  "metrics": {
    "correlation": 0.6157238966872539,
    "rmse_db": 12.71830656172002,
    "max_error_db": 26.20965197039013
  }
}