{
  "version": "2.1-scikit-rf-fixed",
  "method": "POLE_RESIDUE",
  "pole_residue": {
    "poles_real": [
      -22998300462.54028,
      -373458241.07457656,
      -708756739.9665718,
      -10643630159.036203,
      -599299438.3187374,
      -541884445.3560944,
      -711962487.7542355,
      -745967060.496326,
      -870692092.170422,
      -1033065348.6056857,
      -958069333.2520465,
      -1063693684.9342308,
      -1143408518.59271,
      -1267671194.3431845,
      -1299848930.897632,
      -1076169847.6260738,
      -1249236750.625225
    ],
    "poles_imag": [
      0.0,
      0.0,
      0.0,
      0.0,
      0.0,
      0.0,
      0.0,
      0.0,
      0.0,
      0.0,
      0.0,
      0.0,
      0.0,
      0.0,
      0.0,
      0.0,
      0.0
    ],
    "residues_real": [
      -609477866.299022,
      -137597826.42037597,
      -198773597.89730465,
      -149951227311.70093,
      -542194111.8691574,
      -577404685.4634074,
      -1337150653.311831,
      -1407352737.4374151,
      -3054494271.8059855,
      -2116075160.732659,
      -577561041.3529716,
      -1546671788.648456,
      2150374798.2103257,
      9595057665.647493,
      28357624812.640293,
      22022059060.893703,
      30774169795.327732
    ],
    "residues_imag": [
      0.0,
      0.0,
      0.0,
      0.0,
      0.0,
      0.0,
      0.0,
      0.0,
      0.0,
      0.0,
      0.0,
      0.0,
      0.0,
      0.0,
      0.0,
      0.0,
      0.0
    ],
    "constant": -48.03827492786054,
    "proportional": 0.0,
    "order": 17
  },
  "fs": 100000000000.0,
  "metrics": {
    "correlation": 0.3799864112827255,
    "rmse_db": 59.675631012879364,
    "max_error_db": 81.43619121289265,
    "dc_gain_target": "(0.2131639470075-0.9112016168254j)",
    "dc_gain_actual": "(0.21316394700750152-0.9112016168254j)"
  }
}