{
  "version": "2.3-scikit-rf-quick",
  "pole_residue": {
    "poles_real": [
      -280557597.44502467,
      -279945753.15085316,
      -308775529.78993,
      -217309542.68218845,
      -286591398.4156485,
      -334680061.8848571,
      -362958385.660233,
      -340909806.016197
    ],
    "poles_imag": [
      12281967053.901941,
      9498948225.61635,
      8067755236.361442,
      6794245732.643902,
      4918112833.648462,
      3485374542.881998,
      2081030101.3610275,
      731929223.4988501
    ],
    "residues_real": [
      176757202.97834685,
      247472797.13051438,
      101652226.81468888,
      -139345934.24831226,
      93296352.53752264,
      -126139389.13637309,
      -492256138.6913864,
      -673445398.923749
    ],
    "residues_imag": [
      -3467427.7780077043,
      -166948544.25246498,
      -363558599.4536823,
      -198394164.32632238,
      -340151436.4257417,
      -523284683.3845447,
      -485474754.0098535,
      -77978464.86743963
    ],
    "constant": 0.023659531473795577,
    "order": 8
  },
  "fs": 100000000000.0,
  "metrics": {
    "correlation": 0.8591729017116517,
    "rmse_db": 5.073967961495986
  }
}