{
  "version": "3.0-pyvf",
  "method": "POLE_RESIDUE",
  "pole_residue": {
    "poles_real": [
      -3141592.653589793,
      -7096175.334765139,
      -16028718.530376634,
      -36205393.13168845,
      -81780117.93870497,
      -184723520.76780787,
      -417250304.65754855,
      -942477796.0769342
    ],
    "poles_imag": [
      314159265.3589975,
      709617533.4747466,
      1602871853.0373561,
      3620539313.169045,
      8178011793.870466,
      18472352076.78079,
      41725030465.754845,
      94247779607.69377
    ],
    "residues_real": [
      825993.4716123996,
      -19839880.340642005,
      28430564.028148267,
      -32785718.233261343,
      -21743091.773351707,
      46023129.85109845,
      -9076013.40495858,
      1260644.6099815944
    ],
    "residues_imag": [
      -2891826.3360015647,
      7362786.0440480765,
      -9238092.827489616,
      -33027270.84956184,
      -63397004.052673355,
      26910125.3525653,
      11099662.455603378,
      -2802632.83307884
    ],
    "constant": 0.19356211022790637,
    "proportional": 0.0,
    "order": 8
  },
  "metrics": {
    "correlation": 0.1749603180500767,
    "rmse_linear": 0.9502468910476243
  },
  "fs": 100000000000.0
}