{
  "version": "2.1-scikit-rf",
  "method": "POLE_RESIDUE",
  "pole_residue": {
    "poles_real": [
      -350606250.98924005,
      -428190151.8491272,
      -513181114.3682572,
      -643831328.6130546,
      -543999640.9825647,
      -576666922.5723939,
      -615070784.7694474,
      -595134980.0869507,
      -618471673.9703948,
      -610210382.4593384,
      -604733114.0253618,
      -629861145.3479474
    ],
    "poles_imag": [
      18072503015.9692,
      16535781538.447865,
      13896687571.963709,
      12411401354.863966,
      10989909719.565262,
      9447054787.990576,
      7996886337.932378,
      6508478397.479546,
      5037587050.457173,
      3558101955.584244,
      692079599.624441,
      2107044130.4255774
    ],
    "residues_real": [
      -787835.8240612011,
      161804691.7651607,
      363132845.3264085,
      910621272.8597854,
      805635949.4887094,
      862716289.6432856,
      598639410.8379215,
      163652290.7970413,
      -395504120.96234953,
      -991001060.2975925,
      -2290487057.076357,
      -1794737434.2466297
    ],
    "residues_imag": [
      128439839.2496435,
      168379381.45604008,
      370628352.3210145,
      109449629.03987643,
      -424352082.1973032,
      -720933536.383168,
      -1271783589.1009383,
      -1500422637.2161071,
      -1707865954.9930995,
      -1659347313.9438128,
      -512789211.8518504,
      -1391374803.6141038
    ],
    "constant": 0.052774114872820216,
    "proportional": -9.317340075361318e-13,
    "order": 12
  },
  "fs": 100000000000.0
}