{
  "version": "2.1-scikit-rf",
  "method": "POLE_RESIDUE",
  "pole_residue": {
    "poles_real": [
      -47779745521338.05,
      -417314471.67509264,
      -650923103.2571727,
      -629869651.4246116,
      -578502615.9626493,
      -679352331.2954352,
      -889265456.464839,
      -963007447.8289968,
      -2332930163.4185104,
      -1292620021.6066766,
      -1578622368.1044273,
      -1301257336.8661404,
      -1215074480.8009942,
      -1128951114.7825916,
      -1094394487.1735868,
      -904656290.2645615,
      -1070699129.0732237
    ],
    "poles_imag": [
      0.0,
      23726764576.250126,
      21496911171.837517,
      20470217346.731644,
      17313900601.823856,
      15518227241.671679,
      14035493570.408007,
      12392685129.013985,
      10779535952.821766,
      10366935872.876945,
      8830128694.93993,
      7471673449.891765,
      5959796975.928309,
      4452742143.582564,
      2919374864.657532,
      0.0,
      1480743663.9809012
    ],
    "residues_real": [
      -3.45776262902874e+18,
      40415182.19586559,
      285006671.72420835,
      -44254770.083657786,
      493455261.03564346,
      1188139554.0345738,
      2688539686.764025,
      5607342668.001454,
      -69854226909.44658,
      -3219680948.0290995,
      -8331014762.380278,
      15236248463.08362,
      14313117032.058214,
      13342593227.346205,
      13728055687.230104,
      10537518622.38724,
      14901484268.260885
    ],
    "residues_imag": [
      0.0,
      -95929492.64521538,
      -68399630.97712272,
      -455135341.8426182,
      -251606171.76211083,
      -220794183.02790058,
      -1251173972.533485,
      -915903881.001082,
      -67941233833.55701,
      30555690826.36289,
      49635973343.764595,
      22346892746.2445,
      13665021384.485086,
      8465447021.854144,
      6523409863.398592,
      0.0,
      1469103539.0945058
    ],
    "constant": 72368.56811292573,
    "proportional": -1.5121684762693145e-09,
    "order": 17
  },
  "fs": 100000000000.0
}